"from","to","kind"
"http://www.deeplearningbook.org/","http://www.deeplearningbook.org/contents/acknowledgements.html","html"
"http://www.deeplearningbook.org/","http://www.deeplearningbook.org/contents/applications.html","html"
"http://www.deeplearningbook.org/","http://www.deeplearningbook.org/contents/autoencoders.html","html"
"http://www.deeplearningbook.org/","http://www.deeplearningbook.org/contents/bib.html","html"
"http://www.deeplearningbook.org/","http://www.deeplearningbook.org/contents/convnets.html","html"
"http://www.deeplearningbook.org/","http://www.deeplearningbook.org/contents/generative_models.html","html"
"http://www.deeplearningbook.org/","http://www.deeplearningbook.org/contents/graphical_models.html","html"
"http://www.deeplearningbook.org/","http://www.deeplearningbook.org/contents/guidelines.html","html"
"http://www.deeplearningbook.org/","http://www.deeplearningbook.org/contents/index-.html","html"
"http://www.deeplearningbook.org/","http://www.deeplearningbook.org/contents/inference.html","html"
"http://www.deeplearningbook.org/","http://www.deeplearningbook.org/contents/intro.html","html"
"http://www.deeplearningbook.org/","http://www.deeplearningbook.org/contents/linear_algebra.html","html"
"http://www.deeplearningbook.org/","http://www.deeplearningbook.org/contents/linear_factors.html","html"
"http://www.deeplearningbook.org/","http://www.deeplearningbook.org/contents/ml.html","html"
"http://www.deeplearningbook.org/","http://www.deeplearningbook.org/contents/mlp.html","html"
"http://www.deeplearningbook.org/","http://www.deeplearningbook.org/contents/monte_carlo.html","html"
"http://www.deeplearningbook.org/","http://www.deeplearningbook.org/contents/notation.html","html"
"http://www.deeplearningbook.org/","http://www.deeplearningbook.org/contents/numerical.html","html"
"http://www.deeplearningbook.org/","http://www.deeplearningbook.org/contents/optimization.html","html"
"http://www.deeplearningbook.org/","http://www.deeplearningbook.org/contents/part_basics.html","html"
"http://www.deeplearningbook.org/","http://www.deeplearningbook.org/contents/part_practical.html","html"
"http://www.deeplearningbook.org/","http://www.deeplearningbook.org/contents/part_research.html","html"
"http://www.deeplearningbook.org/","http://www.deeplearningbook.org/contents/partition.html","html"
"http://www.deeplearningbook.org/","http://www.deeplearningbook.org/contents/prob.html","html"
"http://www.deeplearningbook.org/","http://www.deeplearningbook.org/contents/regularization.html","html"
"http://www.deeplearningbook.org/","http://www.deeplearningbook.org/contents/representation.html","html"
"http://www.deeplearningbook.org/","http://www.deeplearningbook.org/contents/rnn.html","html"
"http://www.deeplearningbook.org/","http://www.deeplearningbook.org/contents/TOC.html","html"
"http://www.deeplearningbook.org/","http://www.deeplearningbook.org/exercises.html","html"
"http://www.deeplearningbook.org/","http://www.deeplearningbook.org/external.html","html"
"http://www.deeplearningbook.org/","http://www.deeplearningbook.org/front_matter.pdf","pdf"
"http://www.deeplearningbook.org/","http://www.deeplearningbook.org/lecture_slides.html","html"
"http://www.deeplearningbook.org/","https://docs.google.com/document/d/1ABlp7FluwZ0B82_fjNOFVQ2uOZkfuF8elbofhZmNXag/edit?usp=sharing","external"
"http://www.deeplearningbook.org/","https://github.com/goodfeli/dlbook_notation","external"
"http://www.deeplearningbook.org/","https://groups.google.com/forum/","external"
"http://www.deeplearningbook.org/","https://www.amazon.com/Deep-Learning-Adaptive-Computation-Machine/dp/0262035618/ref=sr_1_1?ie=UTF8&qid=1472485235&sr=8-1&keywords=deep+learning+book","external"
"http://www.deeplearningbook.org/contents/applications.html","http://www.deeplearningbook.org/contents/cyc.com/opencyc","html"
"http://www.deeplearningbook.org/contents/applications.html","http://www.deeplearningbook.org/contents/freebase.com","html"
"http://www.deeplearningbook.org/contents/applications.html","http://www.deeplearningbook.org/contents/geneontology.org","html"
"http://www.deeplearningbook.org/contents/applications.html","http://www.deeplearningbook.org/contents/wikiba.se","html"
"http://www.deeplearningbook.org/contents/applications.html","http://www.deeplearningbook.org/contents/wordnet.princeton.edu","html"
"http://www.deeplearningbook.org/contents/applications.html","http://www.deeplearningbook.org/contents/wordnet.princeton.edu","html"
"http://www.deeplearningbook.org/contents/bib.html","http://caffe.berkeleyvision.org/","external"
"http://www.deeplearningbook.org/exercises.html","http://deeplearning.net/tutorial/","external"
"http://www.deeplearningbook.org/exercises.html","http://tensorflow.org/tutorials/index.html","external"
"http://www.deeplearningbook.org/exercises.html","http://www.deeplearningbook.org/","html"
"http://www.deeplearningbook.org/exercises.html","http://www.deeplearningbook.org/external.html","html"
"http://www.deeplearningbook.org/exercises.html","http://www.deeplearningbook.org/front_matter.pdf","pdf"
"http://www.deeplearningbook.org/exercises.html","http://www.deeplearningbook.org/lecture_slides.html","html"
"http://www.deeplearningbook.org/exercises.html","http://www.deeplearningbook.org/linear_algebra.pdf","pdf"
"http://www.deeplearningbook.org/exercises.html","https://github.com/goodfeli/dlbook_exercises","external"
"http://www.deeplearningbook.org/exercises.html","https://github.com/goodfeli/theano_exercises","external"
"http://www.deeplearningbook.org/external.html","http://www.deeplearningbook.org/","html"
"http://www.deeplearningbook.org/external.html","http://www.deeplearningbook.org/exercises.html","html"
"http://www.deeplearningbook.org/external.html","http://www.deeplearningbook.org/front_matter.pdf","pdf"
"http://www.deeplearningbook.org/external.html","http://www.deeplearningbook.org/lecture_slides.html","html"
"http://www.deeplearningbook.org/external.html","https://www.commonlounge.com/community/e531572c319542e8bc1a28658ef85cb1","external"
"http://www.deeplearningbook.org/external.html","https://www.youtube.com/channel/UCF9O8Vj-FEbRDA5DcDGz-Pg/videos","external"
"http://www.deeplearningbook.org/lecture_slides.html","http://www.deeplearningbook.org/","html"
"http://www.deeplearningbook.org/lecture_slides.html","http://www.deeplearningbook.org/contents/applications.html","html"
"http://www.deeplearningbook.org/lecture_slides.html","http://www.deeplearningbook.org/contents/autoencoders.html","html"
"http://www.deeplearningbook.org/lecture_slides.html","http://www.deeplearningbook.org/contents/convnets.html","html"
"http://www.deeplearningbook.org/lecture_slides.html","http://www.deeplearningbook.org/contents/graphical_models.html","html"
"http://www.deeplearningbook.org/lecture_slides.html","http://www.deeplearningbook.org/contents/guidelines.html","html"
"http://www.deeplearningbook.org/lecture_slides.html","http://www.deeplearningbook.org/contents/intro.html","html"
"http://www.deeplearningbook.org/lecture_slides.html","http://www.deeplearningbook.org/contents/linear_algebra.html","html"
"http://www.deeplearningbook.org/lecture_slides.html","http://www.deeplearningbook.org/contents/linear_factors.html","html"
"http://www.deeplearningbook.org/lecture_slides.html","http://www.deeplearningbook.org/contents/ml.html","html"
"http://www.deeplearningbook.org/lecture_slides.html","http://www.deeplearningbook.org/contents/mlp.html","html"
"http://www.deeplearningbook.org/lecture_slides.html","http://www.deeplearningbook.org/contents/monte_carlo.html","html"
"http://www.deeplearningbook.org/lecture_slides.html","http://www.deeplearningbook.org/contents/numerical.html","html"
"http://www.deeplearningbook.org/lecture_slides.html","http://www.deeplearningbook.org/contents/optimization.html","html"
"http://www.deeplearningbook.org/lecture_slides.html","http://www.deeplearningbook.org/contents/partition.html","html"
"http://www.deeplearningbook.org/lecture_slides.html","http://www.deeplearningbook.org/contents/prob.html","html"
"http://www.deeplearningbook.org/lecture_slides.html","http://www.deeplearningbook.org/contents/regularization.html","html"
"http://www.deeplearningbook.org/lecture_slides.html","http://www.deeplearningbook.org/contents/representation.html","html"
"http://www.deeplearningbook.org/lecture_slides.html","http://www.deeplearningbook.org/contents/rnn.html","html"
"http://www.deeplearningbook.org/lecture_slides.html","http://www.deeplearningbook.org/exercises.html","html"
"http://www.deeplearningbook.org/lecture_slides.html","http://www.deeplearningbook.org/external.html","html"
"http://www.deeplearningbook.org/lecture_slides.html","http://www.deeplearningbook.org/front_matter.pdf","pdf"
"http://www.deeplearningbook.org/lecture_slides.html","http://www.deeplearningbook.org/slides/01_intro.key","html"
"http://www.deeplearningbook.org/lecture_slides.html","http://www.deeplearningbook.org/slides/01_intro.pdf","pdf"
"http://www.deeplearningbook.org/lecture_slides.html","http://www.deeplearningbook.org/slides/02_linear_algebra.key","html"
"http://www.deeplearningbook.org/lecture_slides.html","http://www.deeplearningbook.org/slides/02_linear_algebra.pdf","pdf"
"http://www.deeplearningbook.org/lecture_slides.html","http://www.deeplearningbook.org/slides/03_prob.key","html"
"http://www.deeplearningbook.org/lecture_slides.html","http://www.deeplearningbook.org/slides/03_prob.pdf","pdf"
"http://www.deeplearningbook.org/lecture_slides.html","http://www.deeplearningbook.org/slides/04_numerical.key","html"
"http://www.deeplearningbook.org/lecture_slides.html","http://www.deeplearningbook.org/slides/04_numerical.pdf","pdf"
"http://www.deeplearningbook.org/lecture_slides.html","http://www.deeplearningbook.org/slides/05_ml.key","html"
"http://www.deeplearningbook.org/lecture_slides.html","http://www.deeplearningbook.org/slides/05_ml.pdf","pdf"
"http://www.deeplearningbook.org/lecture_slides.html","http://www.deeplearningbook.org/slides/06_mlp.key","html"
"http://www.deeplearningbook.org/lecture_slides.html","http://www.deeplearningbook.org/slides/06_mlp.pdf","pdf"
"http://www.deeplearningbook.org/lecture_slides.html","http://www.deeplearningbook.org/slides/07_regularization.key","html"
"http://www.deeplearningbook.org/lecture_slides.html","http://www.deeplearningbook.org/slides/07_regularization.pdf","pdf"
"http://www.deeplearningbook.org/lecture_slides.html","http://www.deeplearningbook.org/slides/09_conv.key","html"
"http://www.deeplearningbook.org/lecture_slides.html","http://www.deeplearningbook.org/slides/09_conv.pdf","pdf"
"http://www.deeplearningbook.org/lecture_slides.html","http://www.deeplearningbook.org/slides/10_rnn.key","html"
"http://www.deeplearningbook.org/lecture_slides.html","http://www.deeplearningbook.org/slides/10_rnn.pdf","pdf"
"http://www.deeplearningbook.org/lecture_slides.html","http://www.deeplearningbook.org/slides/11_practical.key","html"
"http://www.deeplearningbook.org/lecture_slides.html","http://www.deeplearningbook.org/slides/11_practical.pdf","pdf"
"http://www.deeplearningbook.org/lecture_slides.html","http://www.deeplearningbook.org/slides/12_applications.key","html"
"http://www.deeplearningbook.org/lecture_slides.html","http://www.deeplearningbook.org/slides/12_applications.pdf","pdf"
"http://www.deeplearningbook.org/lecture_slides.html","http://www.deeplearningbook.org/slides/13_linear_factors.key","html"
"http://www.deeplearningbook.org/lecture_slides.html","http://www.deeplearningbook.org/slides/13_linear_factors.pdf","pdf"
"http://www.deeplearningbook.org/lecture_slides.html","http://www.deeplearningbook.org/slides/14_autoencoders.key","html"
"http://www.deeplearningbook.org/lecture_slides.html","http://www.deeplearningbook.org/slides/14_autoencoders.pdf","pdf"
"http://www.deeplearningbook.org/lecture_slides.html","http://www.deeplearningbook.org/slides/15_representation.key","html"
"http://www.deeplearningbook.org/lecture_slides.html","http://www.deeplearningbook.org/slides/15_representation.pdf","pdf"
"http://www.deeplearningbook.org/lecture_slides.html","http://www.deeplearningbook.org/slides/16_graphical_models.key","html"
"http://www.deeplearningbook.org/lecture_slides.html","http://www.deeplearningbook.org/slides/16_graphical_models.pdf","pdf"
"http://www.deeplearningbook.org/lecture_slides.html","http://www.deeplearningbook.org/slides/17_monte_carlo.key","html"
"http://www.deeplearningbook.org/lecture_slides.html","http://www.deeplearningbook.org/slides/17_monte_carlo.pdf","pdf"
"http://www.deeplearningbook.org/lecture_slides.html","http://www.deeplearningbook.org/slides/18_partition.key","html"
"http://www.deeplearningbook.org/lecture_slides.html","http://www.deeplearningbook.org/slides/18_partition.pdf","pdf"
"http://www.deeplearningbook.org/lecture_slides.html","http://www.deeplearningbook.org/slides/batch_norm.key","html"
"http://www.deeplearningbook.org/lecture_slides.html","http://www.deeplearningbook.org/slides/batch_norm.pdf","pdf"
"http://www.deeplearningbook.org/lecture_slides.html","http://www.deeplearningbook.org/slides/dls_2016.key","html"
"http://www.deeplearningbook.org/lecture_slides.html","http://www.deeplearningbook.org/slides/dls_2016.pdf","pdf"
"http://www.deeplearningbook.org/lecture_slides.html","http://www.deeplearningbook.org/slides/sgd_and_cost_structure.key","html"
"http://www.deeplearningbook.org/lecture_slides.html","http://www.deeplearningbook.org/slides/sgd_and_cost_structure.pdf","pdf"
"http://www.deeplearningbook.org/lecture_slides.html","https://www.youtube.com/embed//vi7lACKOUao","external"
"http://www.deeplearningbook.org/lecture_slides.html","https://www.youtube.com/watch?v=ccyClyHAIdI","external"
"http://www.deeplearningbook.org/lecture_slides.html","https://www.youtube.com/watch?v=FW4vJfr7qmc","external"
"http://www.deeplearningbook.org/lecture_slides.html","https://www.youtube.com/watch?v=XlYD8jn1ayE&list=PLoWh1paHYVRfygApBdss1HCt-TFZRXs0k","external"
"http://www.deeplearningbook.org/lecture_slides.html","https://www.youtube.com/watch?v=Xogn6veSyxA","external"
"http://www.deeplearningbook.org/lecture_slides.html","https://www.youtube.com/watch?v=Xogn6veSyxA","external"
"http://www.deeplearningbook.org/lecture_slides.html","https://www.youtube.com/watch?v=ZVN14xYm7JA&feature=youtu.be","external"
"https://www.deeplearningbook.org/","https://docs.google.com/document/d/1ABlp7FluwZ0B82_fjNOFVQ2uOZkfuF8elbofhZmNXag/edit?usp=sharing","external"
"https://www.deeplearningbook.org/","https://github.com/goodfeli/dlbook_notation","external"
"https://www.deeplearningbook.org/","https://groups.google.com/forum/","external"
"https://www.deeplearningbook.org/","https://www.amazon.com/Deep-Learning-Adaptive-Computation-Machine/dp/0262035618/ref=sr_1_1?ie=UTF8&qid=1472485235&sr=8-1&keywords=deep+learning+book","external"
"https://www.deeplearningbook.org/","https://www.deeplearningbook.org/contents/acknowledgements.html","html"
"https://www.deeplearningbook.org/","https://www.deeplearningbook.org/contents/applications.html","html"
"https://www.deeplearningbook.org/","https://www.deeplearningbook.org/contents/autoencoders.html","html"
"https://www.deeplearningbook.org/","https://www.deeplearningbook.org/contents/bib.html","html"
"https://www.deeplearningbook.org/","https://www.deeplearningbook.org/contents/convnets.html","html"
"https://www.deeplearningbook.org/","https://www.deeplearningbook.org/contents/generative_models.html","html"
"https://www.deeplearningbook.org/","https://www.deeplearningbook.org/contents/graphical_models.html","html"
"https://www.deeplearningbook.org/","https://www.deeplearningbook.org/contents/guidelines.html","html"
"https://www.deeplearningbook.org/","https://www.deeplearningbook.org/contents/index-.html","html"
"https://www.deeplearningbook.org/","https://www.deeplearningbook.org/contents/inference.html","html"
"https://www.deeplearningbook.org/","https://www.deeplearningbook.org/contents/intro.html","html"
"https://www.deeplearningbook.org/","https://www.deeplearningbook.org/contents/linear_algebra.html","html"
"https://www.deeplearningbook.org/","https://www.deeplearningbook.org/contents/linear_factors.html","html"
"https://www.deeplearningbook.org/","https://www.deeplearningbook.org/contents/ml.html","html"
"https://www.deeplearningbook.org/","https://www.deeplearningbook.org/contents/mlp.html","html"
"https://www.deeplearningbook.org/","https://www.deeplearningbook.org/contents/monte_carlo.html","html"
"https://www.deeplearningbook.org/","https://www.deeplearningbook.org/contents/notation.html","html"
"https://www.deeplearningbook.org/","https://www.deeplearningbook.org/contents/numerical.html","html"
"https://www.deeplearningbook.org/","https://www.deeplearningbook.org/contents/optimization.html","html"
"https://www.deeplearningbook.org/","https://www.deeplearningbook.org/contents/part_basics.html","html"
"https://www.deeplearningbook.org/","https://www.deeplearningbook.org/contents/part_practical.html","html"
"https://www.deeplearningbook.org/","https://www.deeplearningbook.org/contents/part_research.html","html"
"https://www.deeplearningbook.org/","https://www.deeplearningbook.org/contents/partition.html","html"
"https://www.deeplearningbook.org/","https://www.deeplearningbook.org/contents/prob.html","html"
"https://www.deeplearningbook.org/","https://www.deeplearningbook.org/contents/regularization.html","html"
"https://www.deeplearningbook.org/","https://www.deeplearningbook.org/contents/representation.html","html"
"https://www.deeplearningbook.org/","https://www.deeplearningbook.org/contents/rnn.html","html"
"https://www.deeplearningbook.org/","https://www.deeplearningbook.org/contents/TOC.html","html"
"https://www.deeplearningbook.org/","https://www.deeplearningbook.org/exercises.html","html"
"https://www.deeplearningbook.org/","https://www.deeplearningbook.org/external.html","html"
"https://www.deeplearningbook.org/","https://www.deeplearningbook.org/front_matter.pdf","pdf"
"https://www.deeplearningbook.org/","https://www.deeplearningbook.org/lecture_slides.html","html"
"https://www.deeplearningbook.org/contents/applications.html","https://www.deeplearningbook.org/contents/cyc.com/opencyc","html"
"https://www.deeplearningbook.org/contents/applications.html","https://www.deeplearningbook.org/contents/freebase.com","html"
"https://www.deeplearningbook.org/contents/applications.html","https://www.deeplearningbook.org/contents/geneontology.org","html"
"https://www.deeplearningbook.org/contents/applications.html","https://www.deeplearningbook.org/contents/wikiba.se","html"
"https://www.deeplearningbook.org/contents/applications.html","https://www.deeplearningbook.org/contents/wordnet.princeton.edu","html"
"https://www.deeplearningbook.org/contents/applications.html","https://www.deeplearningbook.org/contents/wordnet.princeton.edu","html"
"https://www.deeplearningbook.org/contents/bib.html","http://caffe.berkeleyvision.org/","external"
"https://www.deeplearningbook.org/exercises.html","http://deeplearning.net/tutorial/","external"
"https://www.deeplearningbook.org/exercises.html","http://tensorflow.org/tutorials/index.html","external"
"https://www.deeplearningbook.org/exercises.html","http://www.deeplearningbook.org/","html"
"https://www.deeplearningbook.org/exercises.html","https://github.com/goodfeli/dlbook_exercises","external"
"https://www.deeplearningbook.org/exercises.html","https://github.com/goodfeli/theano_exercises","external"
"https://www.deeplearningbook.org/exercises.html","https://www.deeplearningbook.org/external.html","html"
"https://www.deeplearningbook.org/exercises.html","https://www.deeplearningbook.org/front_matter.pdf","pdf"
"https://www.deeplearningbook.org/exercises.html","https://www.deeplearningbook.org/lecture_slides.html","html"
"https://www.deeplearningbook.org/exercises.html","https://www.deeplearningbook.org/linear_algebra.pdf","pdf"
"https://www.deeplearningbook.org/external.html","http://www.deeplearningbook.org/","html"
"https://www.deeplearningbook.org/external.html","https://www.commonlounge.com/community/e531572c319542e8bc1a28658ef85cb1","external"
"https://www.deeplearningbook.org/external.html","https://www.deeplearningbook.org/exercises.html","html"
"https://www.deeplearningbook.org/external.html","https://www.deeplearningbook.org/front_matter.pdf","pdf"
"https://www.deeplearningbook.org/external.html","https://www.deeplearningbook.org/lecture_slides.html","html"
"https://www.deeplearningbook.org/external.html","https://www.youtube.com/channel/UCF9O8Vj-FEbRDA5DcDGz-Pg/videos","external"
"https://www.deeplearningbook.org/lecture_slides.html","http://www.deeplearningbook.org/","html"
"https://www.deeplearningbook.org/lecture_slides.html","https://www.deeplearningbook.org/contents/applications.html","html"
"https://www.deeplearningbook.org/lecture_slides.html","https://www.deeplearningbook.org/contents/autoencoders.html","html"
"https://www.deeplearningbook.org/lecture_slides.html","https://www.deeplearningbook.org/contents/convnets.html","html"
"https://www.deeplearningbook.org/lecture_slides.html","https://www.deeplearningbook.org/contents/graphical_models.html","html"
"https://www.deeplearningbook.org/lecture_slides.html","https://www.deeplearningbook.org/contents/guidelines.html","html"
"https://www.deeplearningbook.org/lecture_slides.html","https://www.deeplearningbook.org/contents/intro.html","html"
"https://www.deeplearningbook.org/lecture_slides.html","https://www.deeplearningbook.org/contents/linear_algebra.html","html"
"https://www.deeplearningbook.org/lecture_slides.html","https://www.deeplearningbook.org/contents/linear_factors.html","html"
"https://www.deeplearningbook.org/lecture_slides.html","https://www.deeplearningbook.org/contents/ml.html","html"
"https://www.deeplearningbook.org/lecture_slides.html","https://www.deeplearningbook.org/contents/mlp.html","html"
"https://www.deeplearningbook.org/lecture_slides.html","https://www.deeplearningbook.org/contents/monte_carlo.html","html"
"https://www.deeplearningbook.org/lecture_slides.html","https://www.deeplearningbook.org/contents/numerical.html","html"
"https://www.deeplearningbook.org/lecture_slides.html","https://www.deeplearningbook.org/contents/optimization.html","html"
"https://www.deeplearningbook.org/lecture_slides.html","https://www.deeplearningbook.org/contents/partition.html","html"
"https://www.deeplearningbook.org/lecture_slides.html","https://www.deeplearningbook.org/contents/prob.html","html"
"https://www.deeplearningbook.org/lecture_slides.html","https://www.deeplearningbook.org/contents/regularization.html","html"
"https://www.deeplearningbook.org/lecture_slides.html","https://www.deeplearningbook.org/contents/representation.html","html"
"https://www.deeplearningbook.org/lecture_slides.html","https://www.deeplearningbook.org/contents/rnn.html","html"
"https://www.deeplearningbook.org/lecture_slides.html","https://www.deeplearningbook.org/exercises.html","html"
"https://www.deeplearningbook.org/lecture_slides.html","https://www.deeplearningbook.org/external.html","html"
"https://www.deeplearningbook.org/lecture_slides.html","https://www.deeplearningbook.org/front_matter.pdf","pdf"
"https://www.deeplearningbook.org/lecture_slides.html","https://www.deeplearningbook.org/slides/01_intro.key","html"
"https://www.deeplearningbook.org/lecture_slides.html","https://www.deeplearningbook.org/slides/01_intro.pdf","pdf"
"https://www.deeplearningbook.org/lecture_slides.html","https://www.deeplearningbook.org/slides/02_linear_algebra.key","html"
"https://www.deeplearningbook.org/lecture_slides.html","https://www.deeplearningbook.org/slides/02_linear_algebra.pdf","pdf"
"https://www.deeplearningbook.org/lecture_slides.html","https://www.deeplearningbook.org/slides/03_prob.key","html"
"https://www.deeplearningbook.org/lecture_slides.html","https://www.deeplearningbook.org/slides/03_prob.pdf","pdf"
"https://www.deeplearningbook.org/lecture_slides.html","https://www.deeplearningbook.org/slides/04_numerical.key","html"
"https://www.deeplearningbook.org/lecture_slides.html","https://www.deeplearningbook.org/slides/04_numerical.pdf","pdf"
"https://www.deeplearningbook.org/lecture_slides.html","https://www.deeplearningbook.org/slides/05_ml.key","html"
"https://www.deeplearningbook.org/lecture_slides.html","https://www.deeplearningbook.org/slides/05_ml.pdf","pdf"
"https://www.deeplearningbook.org/lecture_slides.html","https://www.deeplearningbook.org/slides/06_mlp.key","html"
"https://www.deeplearningbook.org/lecture_slides.html","https://www.deeplearningbook.org/slides/06_mlp.pdf","pdf"
"https://www.deeplearningbook.org/lecture_slides.html","https://www.deeplearningbook.org/slides/07_regularization.key","html"
"https://www.deeplearningbook.org/lecture_slides.html","https://www.deeplearningbook.org/slides/07_regularization.pdf","pdf"
"https://www.deeplearningbook.org/lecture_slides.html","https://www.deeplearningbook.org/slides/09_conv.key","html"
"https://www.deeplearningbook.org/lecture_slides.html","https://www.deeplearningbook.org/slides/09_conv.pdf","pdf"
"https://www.deeplearningbook.org/lecture_slides.html","https://www.deeplearningbook.org/slides/10_rnn.key","html"
"https://www.deeplearningbook.org/lecture_slides.html","https://www.deeplearningbook.org/slides/10_rnn.pdf","pdf"
"https://www.deeplearningbook.org/lecture_slides.html","https://www.deeplearningbook.org/slides/11_practical.key","html"
"https://www.deeplearningbook.org/lecture_slides.html","https://www.deeplearningbook.org/slides/11_practical.pdf","pdf"
"https://www.deeplearningbook.org/lecture_slides.html","https://www.deeplearningbook.org/slides/12_applications.key","html"
"https://www.deeplearningbook.org/lecture_slides.html","https://www.deeplearningbook.org/slides/12_applications.pdf","pdf"
"https://www.deeplearningbook.org/lecture_slides.html","https://www.deeplearningbook.org/slides/13_linear_factors.key","html"
"https://www.deeplearningbook.org/lecture_slides.html","https://www.deeplearningbook.org/slides/13_linear_factors.pdf","pdf"
"https://www.deeplearningbook.org/lecture_slides.html","https://www.deeplearningbook.org/slides/14_autoencoders.key","html"
"https://www.deeplearningbook.org/lecture_slides.html","https://www.deeplearningbook.org/slides/14_autoencoders.pdf","pdf"
"https://www.deeplearningbook.org/lecture_slides.html","https://www.deeplearningbook.org/slides/15_representation.key","html"
"https://www.deeplearningbook.org/lecture_slides.html","https://www.deeplearningbook.org/slides/15_representation.pdf","pdf"
"https://www.deeplearningbook.org/lecture_slides.html","https://www.deeplearningbook.org/slides/16_graphical_models.key","html"
"https://www.deeplearningbook.org/lecture_slides.html","https://www.deeplearningbook.org/slides/16_graphical_models.pdf","pdf"
"https://www.deeplearningbook.org/lecture_slides.html","https://www.deeplearningbook.org/slides/17_monte_carlo.key","html"
"https://www.deeplearningbook.org/lecture_slides.html","https://www.deeplearningbook.org/slides/17_monte_carlo.pdf","pdf"
"https://www.deeplearningbook.org/lecture_slides.html","https://www.deeplearningbook.org/slides/18_partition.key","html"
"https://www.deeplearningbook.org/lecture_slides.html","https://www.deeplearningbook.org/slides/18_partition.pdf","pdf"
"https://www.deeplearningbook.org/lecture_slides.html","https://www.deeplearningbook.org/slides/batch_norm.key","html"
"https://www.deeplearningbook.org/lecture_slides.html","https://www.deeplearningbook.org/slides/batch_norm.pdf","pdf"
"https://www.deeplearningbook.org/lecture_slides.html","https://www.deeplearningbook.org/slides/dls_2016.key","html"
"https://www.deeplearningbook.org/lecture_slides.html","https://www.deeplearningbook.org/slides/dls_2016.pdf","pdf"
"https://www.deeplearningbook.org/lecture_slides.html","https://www.deeplearningbook.org/slides/sgd_and_cost_structure.key","html"
"https://www.deeplearningbook.org/lecture_slides.html","https://www.deeplearningbook.org/slides/sgd_and_cost_structure.pdf","pdf"
"https://www.deeplearningbook.org/lecture_slides.html","https://www.youtube.com/embed//vi7lACKOUao","external"
"https://www.deeplearningbook.org/lecture_slides.html","https://www.youtube.com/watch?v=ccyClyHAIdI","external"
"https://www.deeplearningbook.org/lecture_slides.html","https://www.youtube.com/watch?v=FW4vJfr7qmc","external"
"https://www.deeplearningbook.org/lecture_slides.html","https://www.youtube.com/watch?v=XlYD8jn1ayE&list=PLoWh1paHYVRfygApBdss1HCt-TFZRXs0k","external"
"https://www.deeplearningbook.org/lecture_slides.html","https://www.youtube.com/watch?v=Xogn6veSyxA","external"
"https://www.deeplearningbook.org/lecture_slides.html","https://www.youtube.com/watch?v=Xogn6veSyxA","external"
"https://www.deeplearningbook.org/lecture_slides.html","https://www.youtube.com/watch?v=ZVN14xYm7JA&feature=youtu.be","external"
